<!--
theme name:		simple
version:		1.4
author:			nils bonenberger
email:			nilsbyte@nilsbyte.de
website:		www.nilsbyte.de
license:		creative commons CC-BY-NC-SA
-->

<theme>
    <formatVersion>3</formatVersion>

	<view name="system">
	
		<image name="background" extra="true">
			<size>0 1</size>
			<pos>0.5 0.5</pos>
			<origin>0.5 0.5</origin>
		</image>
	</view>

    <view name="basic, detailed">

		<text name="md_lbl_rating, md_lbl_releasedate, md_lbl_developer, md_lbl_publisher, md_lbl_genre, md_lbl_players, md_lbl_lastplayed, md_lbl_playcount">
			<color>393a3b</color>
			<forceUppercase>1</forceUppercase>
			<fontPath>./art/OPENSANS-LIGHT.TTF</fontPath>
			<fontSize>0.03</fontSize>
			<size>0.12 0.04</size>
		</text>
		
		<text name="md_rating, md_developer, md_publisher, md_genre, md_players, md_playcount">
			<color>393a3b</color>
			<forceUppercase>1</forceUppercase>
			<fontPath>./art/OPENSANS-LIGHT.TTF</fontPath>
			<fontSize>0.03</fontSize>
			<size>0.14 0.04</size>
		</text>

		<text name="md_description">
			<color>393a3b</color>
			<forceUppercase>1</forceUppercase>
			<fontPath>./art/OPENSANS-LIGHT.TTF</fontPath>
			<fontSize>0.03</fontSize>
		</text>
		
		<datetime name="md_releasedate, md_lastplayed">
			<color>393a3b</color>
			<forceUppercase>1</forceUppercase>
			<fontPath>./art/OPENSANS-LIGHT.TTF</fontPath>
			<fontSize>0.03</fontSize>
			<size>0 0.04</size>
		</datetime>
		
		<image name="header" extra="true">
			<pos>0 0</pos>
			<origin>0 0</origin>
			<size>1 0.16</size>
			<path>./art/bright.png</path>
		</image>

		<image name="footer" extra="true">
			<pos>0 1</pos>
			<origin>0 1</origin>
			<size>1 0.065</size>
			<path>./art/bright.png</path>
		</image> 

		<image name="background">
			<pos>0 0</pos>
			<origin>0 0</origin>
			<size>1 1</size>
			<path>./art/mid.png</path>
		</image> 

		<textlist name="gamelist">
			<selectorColor>393a3b</selectorColor>
			<selectedColor>97999b</selectedColor>
			<primaryColor>393a3b</primaryColor>
			<secondaryColor>000000</secondaryColor>
			<fontPath>./art/OPENSANS.TTF</fontPath>
			<fontSize>0.03</fontSize>
			<forceUppercase>1</forceUppercase>
			<!-- <scrollSound>./art/sound.wav</scrollSound> -->
		</textlist>
		
		<!-- Sounds
		<sound name="systemscroll">
			<path>./art/systemscroll.wav</path>
		</sound>
		
		<sound name="systemselect">
			<path>./art/systemscroll.wav</path>
		</sound>
		
		<sound name="listscroll">
			<path>./art/listscroll.wav</path>
		</sound>
		
		<sound name="back">
			<path>./art/back.wav</path>
		</sound>
		
		<sound name="launch">
			<path>./art/launch.wav</path>
		</sound>
		
		<sound name="menuopen">
			<path>./art/menu.wav</path>
		</sound>
		 -->
		 
	</view>

	<view name="basic">
	</view>

	<view name="detailed">
	</view>
	
</theme>
